wall_s,sim_s,known_m2,coverage,path_m,objects,matched,error_m
0.2,0.0,0.0,0.0,0.0,0,0,nan
10.3,0.0,0.0,0.0,0.0,0,0,nan
20.3,2.9,9.74,0.1228,0.0,0,0,nan
30.3,6.9,23.47,0.3003,0.2,0,0,nan
40.3,10.9,31.25,0.4011,0.66,1,0,nan
50.3,13.7,32.37,0.4144,0.9,1,0,nan
60.3,17.1,33.78,0.4316,1.32,2,1,0.16
70.3,20.8,34.8,0.4445,1.67,2,1,0.16
80.3,24.5,36.55,0.4662,2.58,2,1,0.16
90.3,28.1,42.57,0.5416,3.6,3,2,0.184
100.3,31.8,45.43,0.5785,3.9,4,3,0.419
110.3,35.4,46.47,0.5912,4.57,4,3,0.449
120.3,39.1,46.68,0.5939,5.61,4,3,0.454
130.3,42.7,47.36,0.6009,6.53,5,4,0.341
140.4,46.4,48.71,0.6172,7.44,5,4,0.334
150.4,50.2,51.17,0.6492,8.05,5,4,0.332
160.4,53.9,51.5,0.6531,8.79,5,4,0.332
170.4,57.9,51.66,0.6548,9.51,5,4,0.332
180.4,61.5,51.66,0.6548,9.72,5,4,0.332
190.4,65.1,51.68,0.655,10.5,5,4,0.33
200.4,68.7,51.68,0.6551,11.26,6,5,0.316
210.4,72.4,51.69,0.6552,12.15,6,5,0.327
220.4,76.2,51.69,0.6552,13.19,6,5,0.333
230.4,80.1,51.69,0.6552,13.95,6,5,0.333
240.4,83.8,51.69,0.6552,14.87,6,5,0.333
250.4,87.4,51.74,0.6558,15.45,7,5,0.333
260.4,91.1,51.76,0.656,16.29,9,7,0.265
270.4,94.9,51.78,0.6563,16.65,9,7,0.261
280.4,98.5,51.58,0.6537,17.45,10,7,0.261
290.4,102.5,51.8,0.6566,18.34,10,7,0.261
300.4,106.5,57.22,0.7213,18.92,10,7,0.261
310.4,110.1,62.84,0.7935,19.26,11,7,0.261
320.4,113.8,65.92,0.8313,19.67,13,9,0.252
330.4,117.4,66.15,0.8337,20.05,13,9,0.252
340.4,121.2,66.16,0.8338,20.23,13,9,0.252
350.4,124.9,66.16,0.8338,20.82,13,9,0.252
360.4,128.2,66.17,0.8345,21.72,15,11,0.315
370.4,131.9,66.21,0.835,22.12,15,11,0.305
380.4,135.4,66.29,0.8355,22.9,15,11,0.303
390.4,138.8,66.75,0.8409,23.57,16,12,0.294
400.4,142.4,66.78,0.8413,24.38,17,12,0.279
410.4,146.3,66.99,0.8441,25.42,17,12,0.279
420.5,150.0,66.8,0.8479,26.46,17,12,0.276
430.5,153.6,67.63,0.8589,27.37,17,12,0.274
440.5,157.2,68.82,0.8738,27.97,17,12,0.272
450.5,160.9,69.16,0.8779,28.44,17,12,0.269
460.5,164.5,69.28,0.8793,29.21,17,12,0.269
470.5,168.2,69.3,0.8795,29.68,17,12,0.269
480.5,172.1,69.32,0.8797,30.72,18,13,0.273
490.5,175.9,69.33,0.8797,31.46,18,13,0.273
500.5,179.7,69.34,0.8797,32.2,18,13,0.273
510.5,183.7,69.39,0.8797,32.93,18,13,0.273
520.5,187.4,73.93,0.8922,33.19,18,13,0.273
530.5,191.2,73.93,0.8922,33.22,18,13,0.273
540.5,195.0,74.39,0.8969,33.6,18,13,0.273
550.5,198.5,76.09,0.9164,33.88,19,13,0.273
560.5,202.1,76.22,0.9181,33.98,19,13,0.273
570.5,206.0,76.22,0.9181,33.98,19,13,0.273
580.5,209.7,76.25,0.9185,34.15,19,13,0.273
590.5,213.5,76.45,0.9209,34.81,19,13,0.273
600.5,217.3,76.51,0.9213,35.24,19,13,0.273
610.5,221.1,76.95,0.9232,36.24,19,13,0.273
620.5,224.9,77.22,0.9245,36.78,19,13,0.273
630.5,228.5,77.34,0.9248,36.88,19,13,0.273
640.5,232.4,77.34,0.9248,36.88,20,13,0.273
650.5,236.2,77.34,0.9248,36.97,20,13,0.273
660.6,239.9,77.75,0.925,37.41,20,13,0.273
670.6,243.4,78.18,0.925,37.81,20,13,0.275
680.6,247.2,78.18,0.925,37.81,20,13,0.275
690.6,251.0,78.18,0.925,37.84,20,13,0.275
700.6,254.9,78.18,0.925,37.84,20,13,0.275
710.6,258.7,78.18,0.925,37.84,20,13,0.275
720.6,262.5,78.18,0.925,37.84,20,13,0.275
730.6,266.4,78.18,0.925,37.84,20,13,0.275
740.6,270.2,78.18,0.925,37.84,20,13,0.275
750.6,274.0,78.18,0.925,37.84,20,13,0.275
760.6,277.8,78.18,0.925,37.84,20,13,0.275
770.6,281.7,78.18,0.925,37.84,20,13,0.275
780.6,285.6,78.18,0.925,37.84,20,13,0.275
790.6,289.5,78.18,0.925,37.84,20,13,0.275
800.6,293.3,78.33,0.9255,38.07,20,13,0.275
810.6,296.9,78.7,0.9265,38.45,20,13,0.275
820.6,300.4,78.78,0.9265,38.49,20,13,0.275
830.7,303.9,78.78,0.9265,38.49,20,13,0.275
840.7,307.5,78.78,0.9265,38.49,21,13,0.275
850.7,311.1,78.78,0.9265,38.49,21,13,0.275
860.7,314.6,78.78,0.9265,38.49,21,13,0.275
870.7,318.2,78.78,0.9265,38.49,21,13,0.275
880.7,321.8,78.78,0.9265,38.49,21,13,0.275
890.7,325.5,78.78,0.9265,38.53,21,13,0.275
900.7,329.1,78.78,0.9265,38.58,21,13,0.275
910.7,332.6,78.78,0.9265,38.58,22,13,0.275
920.7,336.2,78.78,0.9265,38.58,22,13,0.275
930.7,339.8,78.78,0.9265,38.58,22,13,0.275
940.7,343.4,78.78,0.9265,38.58,22,13,0.274
950.7,347.0,78.78,0.9265,38.58,22,13,0.274
960.7,350.6,78.78,0.9265,38.58,22,13,0.275
970.7,354.2,78.78,0.9265,38.58,22,13,0.275
