run,index,label,success,outcome,time_s,path_m,final_x,final_y,final_yaw,nearest,dist_m,centre_m,bearing_deg,message
run1,1,couch,0,not_in_map,0.0,0.0,0.003,-0.0,0.0,couch_1,0.897,1.932,146.1,"no couch in the semantic map. Known objects: bed x3, chair x3, dining table x2, potted plant x2, refrigerator, sink, toilet, tv x3"
run1,2,chair,1,reached,17.6,2.65,-2.582,0.044,2.432,chair_1,0.606,0.93,18.1,"arrived at chair #10 at (-3.31, 0.57): standing 0.80 m from it, facing it; planned path 2.8 m, 17 s (sim time)"
run1,3,potted plant,1,reached,16.8,2.97,0.207,-0.883,-0.46,potted_plant_2,0.562,0.961,7.5,"arrived at potted plant #31 at (1.14, -1.12): standing 0.80 m from it, facing it; planned path 3.2 m, 17 s (sim time)"
run1,4,chair,1,reached,19.2,2.98,2.198,-0.583,0.305,chair_4,0.493,0.788,10.0,"arrived at chair #34 at (2.93, -0.24): standing 0.80 m from it, facing it; planned path 3.1 m, 19 s (sim time)"
run1,5,toilet,1,reached,50.8,10.79,-2.505,5.12,2.198,toilet_1,0.579,1.03,7.2,"arrived at toilet #8 at (-2.98, 5.76): standing 0.80 m from it, facing it; planned path 11.0 m, 51 s (sim time)"
run1,6,sink,1,reached,5.7,0.25,-2.386,5.33,0.648,sink_2,0.767,1.108,7.7,"arrived at sink #9 at (-1.67, 5.91): standing 0.80 m from it, facing it; planned path 0.4 m, 6 s (sim time)"
run1,7,dining table,1,wrong_place,13.2,2.19,-2.831,3.268,-1.931,dining_table_1,5.593,6.87,87.8,"arrived at dining table #7 at (-3.11, 2.33): standing 0.80 m from it, facing it; planned path 2.3 m, 13 s (sim time)"
run1,8,chair,1,reached,11.0,1.88,-3.125,1.493,-1.808,chair_1,0.806,1.138,2.5,"arrived at chair #10 at (-3.31, 0.57): standing 0.80 m from it, facing it; planned path 2.1 m, 11 s (sim time)"
run1,9,toilet,1,reached,19.0,3.51,-2.952,4.876,1.745,toilet_1,0.785,1.148,7.6,"arrived at toilet #8 at (-2.98, 5.76): standing 0.80 m from it, facing it; planned path 3.8 m, 19 s (sim time)"
run1,10,bed,1,reached,45.3,8.53,1.666,4.068,0.162,bed_1,0.365,1.821,25.5,"arrived at bed #14 at (2.56, 4.07): standing 0.80 m from it, facing it; planned path 8.7 m, 45 s (sim time)"
run1,11,sink,1,reached,48.8,9.21,-1.394,5.181,1.897,sink_2,0.7,0.952,6.2,"arrived at sink #9 at (-1.67, 5.91): standing 0.80 m from it, facing it; planned path 9.3 m, 49 s (sim time)"
run1,12,bed,1,reached,47.7,9.27,1.667,4.074,0.159,bed_1,0.364,1.817,25.5,"arrived at bed #14 at (2.56, 4.07): standing 0.80 m from it, facing it; planned path 9.5 m, 48 s (sim time)"
run1,13,toilet,1,reached,49.6,9.26,-2.318,5.509,2.676,toilet_1,0.421,0.854,10.3,"arrived at toilet #8 at (-2.98, 5.76): standing 0.80 m from it, facing it; planned path 9.4 m, 50 s (sim time)"
run1,14,potted plant,1,reached,42.1,9.03,0.606,-0.39,-0.916,potted_plant_2,0.501,0.952,5.1,"arrived at potted plant #31 at (1.14, -1.12): standing 0.80 m from it, facing it; planned path 9.2 m, 42 s (sim time)"
run1,15,dining table,1,wrong_place,15.6,2.84,0.266,2.358,1.738,dining_table_1,2.413,3.681,128.1,"arrived at dining table #3 at (0.24, 3.33): standing 0.80 m from it, facing it; planned path 2.9 m, 16 s (sim time)"
run1,16,chair,1,reached,11.9,2.54,0.306,4.891,1.668,chair_6,0.563,0.963,8.4,"arrived at chair #15 at (0.08, 5.73): standing 0.80 m from it, facing it; planned path 2.6 m, 12 s (sim time)"
run1,17,refrigerator,1,wrong_place,19.6,3.37,3.037,3.423,-0.668,refrigerator_1,4.636,5.137,23.4,"arrived at refrigerator #24 at (3.71, 2.93): standing 0.80 m from it, facing it; planned path 3.6 m, 20 s (sim time)"
run1,18,bed,1,reached,3.1,0.0,3.037,3.423,2.126,bed_1,0.448,1.688,36.1,"arrived at bed #14 at (2.56, 4.07): standing 0.80 m from it, facing it; planned path 0.2 m, 3 s (sim time)"
run1,19,tv,1,reached,3.3,0.0,3.037,3.422,-1.246,tv_2,0.562,0.673,21.8,"arrived at tv #18 at (3.33, 2.76): standing 0.80 m from it, facing it; planned path 0.1 m, 3 s (sim time)"
run1,20,bed,1,reached,3.1,0.0,3.037,3.423,2.339,bed_1,0.448,1.688,48.3,"arrived at bed #14 at (2.56, 4.07): standing 0.80 m from it, facing it; planned path 0.1 m, 3 s (sim time)"
