run,label,truth,mapped,tp,fp,fn,precision,recall,mean_error,median_error
1,bed,1,3,1,2,0,0.3333333333333333,1.0,1.0113330855855553,1.0113330855855553
1,chair,6,3,3,0,3,1.0,0.5,0.11624105738314723,0.09448439024516216
1,couch,1,0,0,0,1,,0.0,,
1,dining table,1,2,0,2,1,0.0,0.0,,
1,potted plant,3,2,2,0,1,1.0,0.6666666666666666,0.08999928818038125,0.08999928818038125
1,refrigerator,1,1,0,1,1,0.0,0.0,,
1,sink,2,1,1,0,1,1.0,0.5,0.21446687389897734,0.21446687389897734
1,toilet,1,1,1,0,0,1.0,1.0,0.25991791011779025,0.25991791011779025
1,tv,2,3,2,1,0,0.6666666666666666,1.0,0.3009259261873434,0.3009259261873434
1,ALL,18,16,10,6,8,0.625,0.5555555555555556,0.2616291470487214,0.2149113130429555
2,bed,1,2,1,1,0,0.5,1.0,1.0359083019263817,1.0359083019263817
2,chair,6,3,3,0,3,1.0,0.5,0.1264570489620532,0.1401552353642203
2,couch,1,3,1,2,0,0.3333333333333333,1.0,0.8274972386660877,0.8274972386660877
2,dining table,1,2,0,2,1,0.0,0.0,,
2,potted plant,3,3,3,0,0,1.0,1.0,0.095304561940755,0.07529734391065869
2,refrigerator,1,2,1,1,0,0.5,1.0,0.3200960012246331,0.3200960012246331
2,sink,2,1,1,0,1,1.0,0.5,0.20734427891793872,0.20734427891793872
2,toilet,1,1,1,0,0,1.0,1.0,0.23086485224043932,0.23086485224043932
2,tv,2,5,2,3,0,0.4,1.0,0.14677437428135934,0.14677437428135934
2,ALL,18,22,13,9,5,0.5909090909090909,0.7222222222222222,0.2754264810958941,0.18763765613543548
3,bed,1,3,1,2,0,0.3333333333333333,1.0,0.8009185039690363,0.8009185039690363
3,chair,6,5,3,2,3,0.6,0.5,0.11997278886654457,0.12189310891104554
3,couch,1,1,1,0,0,1.0,1.0,0.7961927656039084,0.7961927656039084
3,dining table,1,0,0,0,1,,0.0,,
3,potted plant,3,3,3,0,0,1.0,1.0,0.12543592239314158,0.12240302283849032
3,refrigerator,1,2,1,1,0,0.5,1.0,0.34788166091359324,0.34788166091359324
3,sink,2,1,1,0,1,1.0,0.5,0.20953016489279008,0.20953016489279008
3,toilet,1,1,1,0,0,1.0,1.0,0.19572851095330987,0.19572851095330987
3,tv,2,3,2,1,0,0.6666666666666666,1.0,0.22157742104278563,0.22157742104278563
3,ALL,18,19,13,6,5,0.6842105263157895,0.7222222222222222,0.27151019863055903,0.1595858703018536
